<?xml version="1.0" encoding="UTF-8"?>
<project-private xmlns="http://www.netbeans.org/ns/project-private/1">
    <editor-bookmarks xmlns="http://www.netbeans.org/ns/editor-bookmarks/2" lastBookmarkId="0"/>
    <open-files xmlns="http://www.netbeans.org/ns/projectui-open-files/2">
        <group>
            <file>file:/G:/Arthur/Cizanye%20%20rp%20-%20Copy/src/jc/Database.java</file>
            <file>file:/G:/Arthur/Cizanye%20%20rp%20-%20Copy/src/jc/Base.java</file>
        </group>
    </open-files>
</project-private>
